{"initial_reset_timestamp": 2894478.156152702, "timestamps": [2894480.456486619], "episode_lengths": [81], "episode_rewards": [-13.100213936718532], "episode_types": ["t", "t"]}